,0,1
0,-0.040881883,-0.024157478
1,-0.04150131,-0.027254589
2,-0.046456687,-0.030351702
3,-0.04459842,-0.026015745
4,-0.04459842,-0.022918632
5,-0.045217842,-0.021679787
6,-0.04150131,-0.020440942
7,-0.036545925,-0.022918632
8,-0.03716535,-0.01982152
9,-0.03220997,-0.01734383
10,-0.034068238,-0.013007873
11,-0.031590547,-0.016724408
12,-0.030351702,-0.010530182
13,-0.024776898,-0.014246717
14,-0.026635168,-0.014866141
15,-0.035307083,-0.013007873
16,-0.030971127,-0.012388449
17,-0.03468766,-0.015485563
18,-0.032829393,-0.015485563
19,-0.035926506,-0.01734383
20,-0.035307083,-0.02229921
21,-0.036545925,-0.022918632
22,-0.035926506,-0.024157478
23,-0.038404197,-0.021679787
24,-0.034068238,-0.021679787
25,-0.030351702,-0.024157478
26,-0.035926506,-0.023538055
27,-0.030971127,-0.024157478
28,-0.028493434,-0.027254589
29,-0.025396323,-0.027254589
30,-0.027254589,-0.027874013
31,-0.029732281,-0.027254589
32,-0.025396323,-0.026015745
33,-0.028493434,-0.030351702
34,-0.03468766,-0.030971127
35,-0.03220997,-0.029732281
36,-0.03220997,-0.030351702
37,-0.039023615,-0.029112857
38,-0.04150131,-0.030971127
39,-0.042740155,-0.033448815
40,-0.04150131,-0.027254589
41,-0.038404197,-0.030971127
42,-0.038404197,-0.029732281
43,-0.036545925,-0.031590547
44,-0.031590547,-0.030971127
45,-0.027254589,-0.029732281
46,-0.021679787,-0.022918632
47,-0.011149605,-0.0080524925
48,-0.009291338,-0.00247769
49,-0.0055748024,-0.0006194225
50,-0.010530182,-0.0061942246
51,-0.011149605,-0.009291338
52,-0.011149605,-0.011149605
53,-0.01734383,-0.016724408
54,-0.026015745,-0.02229921
55,-0.027254589,-0.021679787
56,-0.032829393,-0.024776898
57,-0.036545925,-0.029732281
58,-0.04212073,-0.034068238
59,-0.045217842,-0.035307083
60,-0.05141207,-0.039023615
61,-0.05698687,-0.03964304
62,-0.061942253,-0.040262464
63,-0.060703404,-0.038404197
64,-0.06256167,-0.039023615
65,-0.06751705,-0.04459842
66,-0.07247244,-0.045217842
67,-0.07680839,-0.048934378
68,-0.07247244,-0.046456687
69,-0.07680839,-0.050173223
70,-0.21370076,-0.16104986
71,-0.24591073,-0.1814908
72,-0.24962726,-0.2013123
73,-0.26759052,-0.20874538
74,-0.27068764,-0.22608921
75,0.747643,0.599601
76,0.9576272,0.9124093
77,0.6751705,0.8393175
78,0.47695535,0.6169448
79,0.8145406,0.69189495
80,94.525826,94.08462
81,101.250496,101.250496
82,106.30161,106.05819
83,114.852,114.33471
84,121.22675,120.51167
85,424.72098,423.49963
86,421.97296,421.3623
87,424.1103,421.05695
88,424.1103,424.72098
89,425.63696,425.33163
90,4616.054,4613.6113
91,4615.4434,4615.4434
92,4617.276,4615.749
93,4618.8022,4617.886
94,4620.024,4620.6343
95,39.84599,39.70906
96,8.211683,7.9905505
97,7.560052,7.268923
98,7.903831,7.5340357
99,8.500955,8.052493
100,5.7674427,5.2570386
101,3.1008291,2.4950337
102,2.3810601,1.6891651
103,2.2862885,1.5101521
104,2.3934484,1.5460786
105,2.5278633,1.6327977
106,2.6368816,1.7040313
107,2.6882937,1.738719
108,2.693249,1.7430549
109,2.640598,1.7182779
110,2.5588343,1.666866
111,2.436808,1.5956323
112,2.28443,1.5120103
113,2.1147084,1.4054697
114,1.9140155,1.2890183
115,1.7034119,1.1607978
116,1.4841363,1.014614
117,1.2468975,0.87338567
118,1.0108975,0.72534376
119,0.7761364,0.58225715
120,0.5587191,0.44784245
121,0.35183197,0.31218892
122,0.15237793,0.18025194
123,-0.021060364,0.071233585
124,-0.15175852,-0.013007873
125,-0.2812178,-0.10777952
126,-0.38342252,-0.18892387
127,-0.48129126,-0.26325455
128,-0.5562414,-0.32209972
129,-0.60951173,-0.36050388
130,-0.64791596,-0.39643037
131,-0.66030437,-0.41501307
132,-0.6572073,-0.42244616
133,-0.6367663,-0.42306557
134,-0.6051758,-0.4020052
135,-0.559958,-0.37722832
136,-0.5029711,-0.347496
137,-0.4459842,-0.30909184
138,-0.38032544,-0.26325455
139,-0.31218892,-0.22423093
140,-0.2397165,-0.17529656
141,-0.16414696,-0.13255641
142,-0.07556954,-0.07247244
143,0.014246717,-0.012388449
144,0.10158529,0.03220997
145,0.17591599,0.068755895
146,0.23538056,0.11645143
147,0.29360628,0.15175852
148,0.34811544,0.18582675
149,0.3859002,0.21370076
150,0.41501307,0.23909709
151,0.44288707,0.2582992
152,0.45837265,0.27378476
153,0.47199994,0.28555375
154,0.47757477,0.2942257
155,0.4689028,0.29856163
156,0.45341727,0.2973228
157,0.44350654,0.29794222
158,0.4131548,0.2923674
159,0.38218367,0.27502358
160,0.35183197,0.25706032
161,0.3332493,0.25520208
162,0.3245774,0.25953802
163,0.29546452,0.24900785
164,0.27130705,0.21803671
165,0.23785825,0.20502885
166,0.20750654,0.19140156
167,0.18025194,0.18272963
168,0.15485562,0.16352753
169,0.12636219,0.14928082
170,0.10716009,0.13751179
171,0.09167453,0.13317584
172,0.068136476,0.12078739
173,0.059464563,0.10716009
174,0.04707611,0.10282414
175,0.033448815,0.09601049
176,0.030971127,0.08176377
177,0.015485563,0.07556954
178,0.013007873,0.05884514
179,0.008671915,0.05141207
180,0.016104985,0.054509178
181,0.039023615,0.06689763
182,0.058225714,0.063181095
183,0.066278204,0.063181095
184,0.07680839,0.061942253
185,0.087338574,0.06008398
186,0.09105511,0.060703404
187,0.10654067,0.065658785
188,0.117070846,0.06937532
189,0.12512334,0.06751705
190,0.13875064,0.073711276
191,0.14370602,0.07866666
192,0.15919158,0.07928608
193,0.15361679,0.071233585
194,0.1622887,0.07742781
195,0.16414696,0.08300262
196,0.15795274,0.07309185
197,0.16352753,0.07185301
198,0.16910236,0.07247244
199,0.17529656,0.08919684
200,0.18582675,0.092913374
201,0.19140156,0.09415222
202,0.1951181,0.090435684
203,0.18644617,0.09105511
204,0.1814908,0.09167453
205,0.17281888,0.08919684
206,0.16972177,0.092913374
207,0.15361679,0.09415222
208,0.15299736,0.095391065
209,0.14494488,0.09415222
210,0.1350341,0.089816265
211,0.12760104,0.08548031
212,0.11335432,0.08300262
213,0.10406298,0.08362204
214,0.08424146,0.08424146
215,0.07680839,0.08300262
216,0.06008398,0.0799055
217,0.065658785,0.08857741
218,0.068755895,0.09105511
219,0.07742781,0.09972702
220,0.08052493,0.09662991
221,0.08300262,0.09105511
222,0.07556954,0.095391065
223,0.07556954,0.08919684
224,0.08052493,0.08857741
225,0.07804723,0.08424146
226,0.08238319,0.089816265
227,0.07866666,0.09601049
228,0.090435684,0.100346446
229,0.092293955,0.103443556
230,0.09972702,0.1046824
231,0.09415222,0.10406298
232,0.09167453,0.10716009
233,0.09105511,0.1046824
234,0.08052493,0.09415222
235,0.087338574,0.089816265
236,0.09167453,0.092913374
237,0.11149605,0.1102572
238,0.12326507,0.11149605
239,0.11769028,0.10963778
240,0.12264566,0.09848818
241,0.112115465,0.09848818
242,0.11459316,0.09167453
243,0.1102572,0.08609972
244,0.10839894,0.08919684
245,0.109018356,0.092913374
246,0.11149605,0.089816265
247,0.1127349,0.09415222
248,0.110876635,0.09601049
249,0.11645143,0.08857741
250,0.09910759,0.0935328
251,0.10158529,0.09601049
252,0.0935328,0.09601049
253,0.08919684,0.0935328
254,0.08795799,0.08919684
255,0.09105511,0.10282414
256,0.11459316,0.11769028
257,0.12388451,0.11769028
258,0.12512334,0.1102572
259,0.12388451,0.10839894
260,0.12326507,0.10158529
261,0.11645143,0.09724933
262,0.117070846,0.09415222
263,0.1183097,0.09601049
264,0.1183097,0.10220471
265,4.5471807,4.5546136
266,6.2623615,6.2654586
267,6.826036,6.835327
268,7.0087657,7.0211544
269,7.0676103,7.079999
270,7.0855737,7.1004395
271,7.0874324,7.107873
272,7.086813,7.1016793
273,7.078141,7.097343
274,7.0998206,7.1134477
275,7.1146865,7.1345086
276,7.126456,7.124598
277,7.1295533,7.1215005
278,7.1357474,7.1146865
279,7.137605,7.1146865
280,7.139464,7.106015
281,7.1363664,7.1022987
282,7.1388445,7.0979624
283,7.145658,7.0961046
284,7.1407027,7.0923877
285,7.141941,7.0899096
286,7.1425605,7.0874324
287,7.144419,7.0899096
288,7.145658,7.0899096
289,7.144419,7.088052
290,7.131411,7.0899096
291,7.131411,7.079999
292,7.126456,7.0738053
293,7.1295533,7.088052
294,7.1363664,7.0998206
295,7.141322,7.0923877
296,7.137605,7.0793796
297,7.130792,7.0830965
298,7.1233587,7.0750437
299,7.1128287,7.077522
300,7.1022987,7.0657525
301,7.0899096,7.077522
302,7.0849543,7.0738053
303,7.086813,7.079999
304,7.0738053,7.090529
305,7.079999,7.0849543
306,7.071946,7.0961046
307,7.060797,7.097343
308,7.0570803,7.103537
309,7.0465503,7.094246
310,7.0446925,7.10106
311,7.0446925,7.0948653
312,7.0409756,7.106015
313,7.055842,7.1153064
314,7.0595584,7.110351
315,7.0638943,7.11159
316,7.049648,7.1041565
317,7.0515056,7.1016793
318,7.0422144,7.090529
319,7.041595,7.0818577
320,7.032304,7.078141
321,7.0316844,7.078141
322,7.0316844,7.0843353
323,7.0316844,7.086813
324,7.026729,7.0793796
325,7.021774,7.073186
326,7.0155787,7.0738053
327,7.016818,7.0688496
328,7.012482,7.069469
329,7.0069075,7.0527444
330,7.0155787,7.0595584
331,7.032304,7.070708
332,7.0465503,7.078141
333,7.045931,7.0688496
334,7.0490284,7.056461
335,7.0465503,7.0632753
336,7.0490284,7.049648
337,7.0409756,7.049648
338,7.0316844,7.039117
339,7.0360203,7.035401
340,7.0279675,7.0329227
341,7.021774,7.0341616
342,7.023012,7.0316844
343,7.023012,7.0192957
344,7.0149593,7.0248704
345,7.0087657,7.0143404
346,6.9957576,7.0155787
347,6.9815106,7.0093846
348,6.978414,7.007527
349,6.970361,7.0093846
350,6.98213,7.0149593
351,6.995138,7.0223927
352,6.9908023,7.0106235
353,6.9802723,7.000713
354,6.964787,6.9938993
355,6.9660254,6.991421
356,6.951779,6.9771748
357,6.9369125,6.975936
358,6.935674,6.965406
359,6.9344344,6.9678836
360,6.9239044,6.958592
361,6.920188,6.951779
362,6.915852,6.945585
363,6.9127555,6.9406295
364,6.909658,6.941249
365,6.9022255,6.937532
366,6.903464,6.9325767
367,6.89665,6.929479
368,6.913994,6.935674
369,6.9319572,6.9616895
370,6.94001,6.9678836
371,6.956115,6.964787
372,6.9554954,6.959831
373,6.9499207,6.9554954
374,6.9468236,6.953017
375,6.9443455,6.953017
376,6.9424872,6.949301
377,6.946204,6.946204
378,6.94001,6.9474425
379,6.943726,6.953017
380,6.94001,6.9511595
381,6.9406295,6.9579725
382,6.930719,6.962309
383,6.935054,6.9685035
384,6.9362936,6.9641676
385,6.9362936,6.967264
386,6.928241,6.9709806
387,6.94001,6.9877057
388,6.962928,7.005668
389,6.9709806,7.0106235
390,6.9746976,7.0044293
391,6.9746976,6.995138
392,6.965406,6.9895635
393,6.956115,6.9765553
394,6.954257,6.973459
395,6.95054,6.972839
396,6.9474425,6.9604506
397,6.9449654,6.956115
398,6.943726,6.9554954
399,6.933196,6.951779
400,6.933196,6.9468236
401,6.920188,6.945585
402,6.917711,6.9511595
403,6.908419,6.9511595
404,6.8916945,6.935054
405,6.87559,6.9257636
406,6.8762093,6.93939
407,6.8879786,6.9499207
408,6.8774476,6.941249
409,6.8774476,6.9319572
410,6.86444,6.924524
411,6.8532906,6.915852
412,6.8501935,6.9108963
413,6.8396635,6.899128
414,6.83223,6.8985085
415,6.837186,6.9009857
416,6.840902,6.8960304
417,6.8340883,6.899128
418,6.8340883,6.892314
419,6.8340883,6.8904557
420,6.8235583,6.8916945
421,6.8266554,6.894792
422,6.8309913,6.8960304
423,6.827894,6.8960304
424,6.83223,6.895411
425,6.840283,6.9047027
426,6.8501935,6.9195685
427,6.86444,6.9133744
428,6.8768287,6.9195685
429,6.8762093,6.913994
430,6.884262,6.91833
431,6.8774476,6.9146132
432,6.8793063,6.909658
433,6.8749704,6.9090385
434,6.8786874,6.9102774
435,6.8774476,6.917711
436,6.8762093,6.9195685
437,6.8786874,6.912136
438,6.8656793,6.9152327
439,6.8650594,6.913994
440,6.8514323,6.913994
441,6.8501935,6.912136
442,6.8390436,6.908419
443,6.847716,6.9152327
444,6.858246,6.9362936
445,6.8669176,6.933196
446,6.871873,6.9325767
447,6.871873,6.9232855
448,6.8693953,6.9170914
449,6.863821,6.915852
450,6.867537,6.9040833
451,6.855768,6.897889
452,6.860724,6.8916945
453,6.85391,6.8898363
454,6.840902,6.873732
455,6.8433795,6.867537
456,6.842141,6.855768
457,6.8359466,6.843999
458,6.827275,6.836566
459,6.8241777,6.8297524
460,6.813028,6.8223195
461,6.8136477,6.81055
462,6.814886,6.8136477
463,6.8235583,6.8173637
464,6.842141,6.824797
465,6.8396635,6.8173637
466,6.8470964,6.81117
467,6.835327,6.808692
468,6.837186,6.805595
469,6.8316107,6.8037367
470,6.8316107,6.8062143
471,6.829133,6.816745
472,6.822939,6.808692
473,6.814886,6.813028
474,6.8068337,6.81055
475,6.8161254,6.819842
476,6.793826,6.81117
477,6.7888703,6.813028
478,6.7783403,6.822939
479,6.7696686,6.8161254
480,6.7572803,6.8080726
481,6.7585187,6.8080726
482,6.772146,6.826036
483,6.7771015,6.827894
484,6.7857738,6.814267
485,6.7808185,6.8068337
486,6.7696686,6.798162
487,6.760377,6.7882514
488,6.7591386,6.7783403
489,6.7510858,6.772146
490,6.748608,6.7727656
491,6.7386975,6.7591386
492,6.734361,6.7510858
493,6.729406,6.73622
494,6.723212,6.733123
495,6.7120624,6.728167
496,6.706487,6.723212
497,6.6990542,6.7095847
498,6.6996737,6.7083454
499,6.6947184,6.698435
500,6.702771,6.708965
501,6.721973,6.7182565
502,6.732503,6.7114425
503,6.738078,6.7095847
504,6.739936,6.7040095
505,6.740556,6.7095847
506,6.7430334,6.7095847
507,6.7424135,6.7182565
508,6.7473693,6.7194953
509,6.7492275,6.7256894
510,6.7479887,6.726928
511,6.748608,6.73622
512,6.751705,6.739936
513,6.7461305,6.748608
514,6.741175,6.7609963
515,6.745511,6.764094
516,6.7368393,6.7665715
517,6.7306447,6.7609963
518,6.726928,6.7653327
519,6.728167,6.779579
520,6.7417946,6.790729
521,6.7535634,6.794445
522,6.7504663,6.787632
523,6.739936,6.7888703
524,6.7504663,6.787632
525,6.7430334,6.790729
526,6.741175,6.7801986
527,6.734361,6.773385
528,6.733123,6.7758627
529,6.7356005,6.769049
530,6.7312646,6.767191
531,6.7275476,6.7585187
532,6.728787,6.7609963
533,6.7151594,6.7554216
534,6.712682,6.752944
535,6.701532,6.7417946
536,6.6922407,6.7300253
537,6.6947184,6.728167
538,6.695957,6.7312646
539,6.705868,6.7386975
540,6.702771,6.729406
541,6.705249,6.7225924
542,6.69286,6.715779
543,6.697196,6.7095847
544,6.6817107,6.7002935
545,6.675516,6.695338
546,6.6748967,6.695338
547,6.670561,6.694099
548,6.6643667,6.6922407
549,6.663128,6.6891437
550,6.6643667,6.690382
551,6.647642,6.684808
552,6.6470227,6.689763
553,6.6377316,6.6885242
554,6.627821,6.6804714
555,6.6203876,6.679233
556,6.6191487,6.6804714
557,6.6364927,6.694099
558,6.648262,6.705868
559,6.6625085,6.702771
560,6.6643667,6.695957
561,6.6637473,6.697196
562,6.675516,6.701532
563,6.679233,6.7077265
564,6.6885242,6.7108235
565,6.695957,6.716398
566,6.70339,6.723212
567,6.7114425,6.7306447
568,6.713301,6.7306447
569,6.721973,6.737458
570,6.723831,6.732503
571,6.7263093,6.7349806
572,6.728167,6.726928
573,6.723831,6.721973
574,6.712682,6.7194953
575,6.7201147,6.718876
576,6.7300253,6.720734
577,6.7386975,6.7151594
578,6.7349806,6.712682
579,6.7263093,6.701532
580,6.7095847,6.6916213
581,6.7002935,6.678613
582,6.6891437,6.674278
583,6.6817107,6.6656055
584,6.6767554,6.6618886
585,6.6563144,6.6569333
586,6.659411,6.6569333
587,6.6513586,6.6563144
588,6.6457844,6.648262
589,6.625343,6.6451645
590,6.6185293,6.644545
591,6.6073794,6.6420674
592,6.5906553,6.635254
593,6.5764084,6.632157
594,6.5764084,6.633395
595,6.593753,6.6538367
596,6.597469,6.648881
597,6.5999465,6.6451645
598,6.6036634,6.6470227
599,6.602424,6.6389704
600,6.6036634,6.635873
601,6.5968494,6.6315374
602,6.6067605,6.640209
603,6.6110964,6.644545
604,6.624724,6.6408286
605,6.6234846,6.644545
606,6.634015,6.6433067
607,6.641448,6.6495004
608,6.6315374,6.651978
609,6.6389704,6.6581726
610,6.6513586,6.6618886
611,6.6495004,6.6606503
612,6.63959,6.6470227
613,6.6532173,6.6569333
614,6.6699414,6.674278
615,6.673658,6.663128
616,6.6748967,6.6538367
617,6.6748967,6.6433067
618,6.666225,6.634015
619,6.659411,6.622865
620,6.648881,6.617291
621,6.641448,6.616671
622,6.638351,6.613574
623,6.634015,6.6067605
624,6.62844,6.6055217
625,6.6315374,6.600566
626,6.6185293,6.5906553
627,6.600566,6.583842
628,6.5980883,6.5807447
629,6.5850806,6.5807447
630,6.5764084,6.5652595
631,6.5658784,6.566498
632,6.5708337,6.5702147
633,6.578886,6.5863194
634,6.581364,6.5776477
635,6.5708337,6.5708337
636,6.568356,6.568356
637,6.5689754,6.5689754
638,6.566498,6.5646396
639,6.5596843,6.559065
640,6.55349,6.557826
641,6.5627813,6.56402
642,6.566498,6.5708337
643,6.5658784,6.578267
644,6.5770283,6.581364
645,6.5757895,6.591894
646,6.5764084,6.600566
647,6.5807447,6.6055217
648,6.5708337,6.61791
649,6.569595,6.613574
650,6.567737,6.6160517
651,6.5807447,6.6327763
652,6.5925136,6.651978
653,6.598708,6.6457844
654,6.593133,6.642687
655,6.5980883,6.6464033
656,6.5881777,6.63959
657,6.578886,6.635254
658,6.569595,6.624724
659,6.556587,6.6197686
660,6.5466766,6.6185293
661,6.5460567,6.613574
662,6.5398626,6.613574
663,6.540482,6.609238
664,6.5336685,6.603044
665,6.5305715,6.594991
666,6.5293326,6.597469
667,6.5194216,6.591894
668,6.521899,6.5881777
669,6.528094,6.583842
670,6.547296,6.597469
671,6.566498,6.6110964
672,6.573312,6.600566
673,6.5807447,6.5993276
674,6.5776477,6.604283
675,6.593133,6.6079993
676,6.5894165,6.5993276
677,6.5894165,6.594991
678,6.593133,6.5956106
679,6.594991,6.597469
680,6.5925136,6.5894165
681,6.5881777,6.586939
682,6.588797,6.586939
683,6.5857,6.5770283
684,6.57517,6.567737
685,6.57517,6.5572066
686,6.5646396,6.562162
687,6.554729,6.5485344
688,6.5596843,6.557826
689,6.5689754,6.5652595
690,6.5819836,6.566498
691,6.5863194,6.5634007
692,6.578267,6.547915
693,6.569595,6.5423403
694,6.5708337,6.5349073
695,6.567117,6.5336685
696,6.556587,6.5188026
697,6.5510125,6.51075
698,6.5429597,6.5057945
699,6.5392437,6.498361
700,6.5411015,6.4921675
701,6.5262356,6.4791594
702,6.520661,6.480398
703,6.518183,6.4760623
704,6.513228,6.47854
705,6.500839,6.470487
706,6.5014586,6.470487
707,6.500839,6.4810176
708,6.513847,6.4952645
709,6.5249968,6.500839
710,6.531191,6.50022
711,6.533049,6.4996004
712,6.520661,6.502078
713,6.5305715,6.4996004
714,6.5150857,6.5088916
715,6.516944,6.51075
716,6.512608,6.5119886
717,6.511369,6.513228
718,6.5144663,6.516944
719,6.50022,6.5070333
720,6.497742,6.505175
721,6.480398,6.506414
722,6.480398,6.5070333
723,6.465532,6.500839
724,6.451905,6.487212
725,6.4351807,6.4729652
726,6.4382777,6.47854
727,6.4481883,6.48969
728,6.4419937,6.4822564
729,6.433322,6.4649124
730,6.430225,6.4562407
731,6.424031,6.4488077
732,6.4184556,6.4426136
733,6.409165,6.434561
734,6.399254,6.4277472
735,6.4017315,6.42465
736,6.404209,6.424031
737,6.4035897,6.427128
738,6.4116426,6.4327025
739,6.4035897,6.4265084
740,6.4017315,6.4327025
741,6.4048285,6.4426136
742,6.4048285,6.443233
743,6.4060674,6.4457107
744,6.402351,6.4407554
745,6.4203143,6.450666
746,6.4413743,6.475443
747,6.453763,6.4791594
748,6.458099,6.4810176
749,6.462435,6.4822564
750,6.46739,6.479779
751,6.466771,6.477301
752,6.4680095,6.4766817
753,6.463054,6.4779205
754,6.4680095,6.4779205
755,6.4686294,6.479779
756,6.469249,6.4766817
757,6.4611964,6.472346
758,6.4587183,6.474204
759,6.4457107,6.471107
760,6.447569,6.475443
761,6.4351807,6.4748235
762,6.424031,6.465532
763,6.4153585,6.453763
764,6.4190755,6.461816
765,6.4327025,6.470487
766,6.4339414,6.466771
767,6.436419,6.463674
768,6.4234114,6.466771
769,6.4153585,6.459957
770,6.409165,6.4593377
771,6.4035897,6.450666
772,6.3930597,6.452524
773,6.38191,6.4488077
774,6.3825293,6.4512854
775,6.3769546,6.4562407
776,6.3788133,6.451905
777,6.365805,6.4457107
778,6.354036,6.4469495
779,6.3534164,6.4469495
780,6.3441253,6.4407554
781,6.334834,6.4388967
782,6.3397894,6.4358
783,6.3459835,6.443852
784,6.3583717,6.44633
785,6.3676634,6.4370384
786,6.367044,6.4314637
787,6.368902,6.4221725
788,6.374477,6.4234114
789,6.3719993,6.4190755
790,6.37138,6.4104033
791,6.3781934,6.4097843
792,6.3750963,6.4104033
793,6.38191,6.412262
794,6.3800516,6.4153585
795,6.390582,6.419695
796,6.386246,6.4097843
797,6.38191,6.412881
798,6.3750963,6.4029703
799,6.370141,6.4004927
800,6.3608494,6.3942986
801,6.368902,6.396157
802,6.3788133,6.4135003
803,6.3973956,6.4147396
804,6.39244,6.406687
805,6.3874846,6.3955374
806,6.3738575,6.389962
807,6.377574,6.3825293
808,6.3676634,6.379432
809,6.3608494,6.3707604
810,6.355275,6.3620887
811,6.3534164,6.358991
812,6.3385506,6.3441253
813,6.3286395,6.3373117
814,6.3255424,6.3286395
815,6.311296,6.326162
816,6.3057213,6.3181095
817,6.293952,6.30634
818,6.2834215,6.311915
819,6.277847,6.3057213
820,6.2797055,6.311915
821,6.2914743,6.331737
822,6.311915,6.3447447
823,6.31749,6.3490806
824,6.3267817,6.3503194
825,6.320587,6.3534164
826,6.323684,6.3527975
827,6.318729,6.350939
828,6.3193483,6.358991
829,6.332356,6.368902
830,6.3335953,6.373238
831,6.3335953,6.3757157
832,6.3298783,6.3769546
833,6.331737,6.381291
834,6.3137736,6.3800516
835,6.3150125,6.3893433
836,6.311296,6.3930597
837,6.30634,6.3843875
838,6.2914743,6.3800516
839,6.2982883,6.385007
840,6.318729,6.4073067
841,6.324304,6.4060674
842,6.3292594,6.396776
843,6.3212066,6.3973956
844,6.3212066,6.3843875
845,6.312535,6.3788133
846,6.3026237,6.3726187
847,6.29581,6.374477
848,6.29581,6.377574
849,6.2920938,6.376335
850,6.289616,6.376335
851,6.287758,6.368902
852,6.277847,6.368902
853,6.269175,6.3738575
854,6.2654586,6.374477
855,6.2518315,6.3651857
856,6.2561674,6.359611
857,6.25369,6.3583717
858,6.2611227,6.368283
859,6.278466,6.380671
860,6.2871385,6.3837686
861,6.295191,6.377574
862,6.3026237,6.377574
863,6.3038626,6.3769546
864,6.3094373,6.3695216
865,6.311296,6.362708
866,6.311915,6.365805
867,6.324923,6.3651857
868,6.3311176,6.362708
869,6.3397894,6.3639464
870,6.33917,6.3608494
871,6.3379307,6.3546553
872,6.332356,6.346603
873,6.3329754,6.341028
874,6.3212066,6.33917
875,6.3106766,6.3274007
876,6.3088183,6.3199677
877,6.3057213,6.323065
878,6.311915,6.3298783
879,6.315632,6.3274007
880,6.3199677,6.3168707
881,6.3106766,6.320587
882,6.311296,6.3143926
883,6.304482,6.3162513
884,6.300146,6.3038626
885,6.289616,6.30634
886,6.280325,6.3143926
887,6.280944,6.31749
888,6.275369,6.324923
889,6.2685556,6.32802
890,6.2580256,6.341028
891,6.246876,6.33917
892,6.23201,6.341028
893,6.2177634,6.33917
894,6.2066135,6.341028
895,6.2035165,6.33917
896,6.2128077,6.3521776
897,6.2214794,6.3639464
898,6.227674,6.3497
899,6.2282934,6.351558
900,6.2245765,6.3404083
901,6.23139,6.342267
902,6.2295322,6.3329754
903,6.2282934,6.324923
904,6.2344875,6.3298783
905,6.2344875,6.323684
906,6.238204,6.323684
907,6.2450175,6.3292594
908,6.25369,6.32802
909,6.254309,6.323065
910,6.249973,6.3224454
911,6.2524505,6.3168707
912,6.240062,6.3088183
913,6.2332487,6.295191
914,6.2388234,6.29581
915,6.247495,6.3020043
916,6.2561674,6.305102
917,6.2524505,6.2933326
918,6.2561674,6.277847
919,6.2357264,6.2654586
920,6.2326293,6.2524505
921,6.2245765,6.24254
922,6.22086,6.2388234
923,6.219621,6.2282934
924,6.213427,6.2233377
925,6.2078524,6.216524
926,6.2016582,6.209091
927,6.196703,6.2035165
928,6.191128,6.2016582
929,6.1799784,6.201039
930,6.169448,6.2035165
931,6.163873,6.200419
932,6.151485,6.2016582
933,6.153343,6.216524
934,6.163873,6.2270546
935,6.176881,6.2357264
936,6.1793585,6.238204
937,6.181217,6.236965
938,6.1737843,6.240062
939,6.1756425,6.236346
940,6.1719255,6.243779
941,6.1737843,6.2481146
942,6.176881,6.254309
943,6.1787395,6.2642198
944,6.185553,6.2741303
945,6.1880307,6.275369
946,6.1985607,6.28528
947,6.192986,6.292713
948,6.196083,6.305102
949,6.1979413,6.3143926
950,6.1923666,6.313154
951,6.18927,6.308199
952,6.1917477,6.3162513
953,6.2159047,6.342267
954,6.2245765,6.345364
955,6.2338676,6.3397894
956,6.2326293,6.3342147
957,6.23201,6.332356
958,6.230771,6.3181095
959,6.225816,6.318729
960,6.23201,6.31749
961,6.23201,6.324304
962,6.236965,6.315632
963,6.239443,6.311296
964,6.238204,6.301385
965,6.2406816,6.301385
966,6.2233377,6.2945714
967,6.2227187,6.2995267
968,6.219002,6.295191
969,6.2171435,6.2834215
970,6.1991806,6.27475
971,6.205994,6.276608
972,6.2121882,6.289616
973,6.21033,6.2815638
974,6.2053742,6.267936
975,6.1991806,6.2605033
976,6.18865,6.2388234
977,6.1818366,6.230771
978,6.1719255,6.2251964
979,6.163873,6.2245765
980,6.1595373,6.2159047
981,6.155821,6.2177634
982,6.153343,6.2171435
983,6.151485,6.2140465
984,6.139716,6.207233
985,6.134141,6.204136
986,6.127947,6.2097106
987,6.11432,6.21033
988,6.1130805,6.209091
989,6.112461,6.2053742
990,6.1217527,6.2227187
991,6.138477,6.239443
992,6.146529,6.236965
993,6.147149,6.238204
994,6.1490073,6.239443
995,6.1521044,6.2450175
996,6.1564403,6.246876
997,6.151485,6.244398
998,6.143432,6.2406816
999,6.141574,6.2481146
1000,6.145291,6.245637
1001,6.138477,6.2574058
1002,6.140335,6.2623615
1003,6.1390963,6.2592645
1004,6.12485,6.266078
1005,6.125469,6.2642198
1006,6.1087446,6.2623615
1007,6.108125,6.25369
1008,6.106267,6.2518315
1009,6.119894,6.2654586
1010,6.132902,6.280944
1011,6.141574,6.270414
1012,6.143432,6.255548
1013,6.142194,6.254928
1014,6.143432,6.243779
1015,6.139716,6.236965
1016,6.145291,6.2264347
1017,6.145291,6.2270546
1018,6.1483874,6.219621
1019,6.1539626,6.22086
1020,6.152724,6.211569
1021,6.154582,6.2078524
1022,6.154582,6.2053742
1023,6.151485,6.1979413
1024,6.1477685,6.1985607
1025,6.1409545,6.1830754
1026,6.1304245,6.17812
1027,6.132902,6.1669703
1028,6.139716,6.191128
1029,6.153343,6.1954637
1030,6.1496267,6.186792
1031,6.146529,6.180598
1032,6.134141,6.1756425
1033,6.1273274,6.172545
1034,6.110603,6.1613955
1035,6.097595,6.1582985
1036,6.0901623,6.1570597
1037,6.085826,6.1582985
1038,6.064766,6.150865
1039,6.0598106,6.1539626
1040,6.052377,6.1552014
1041,6.0418468,6.1539626
1042,6.0232644,6.1582985
1043,6.018928,6.1601567
1044,6.012115,6.1669703
1045,5.994771,6.1644926
1046,5.999107,6.1713066
1047,6.0015845,6.180598
1048,6.018309,6.1985607
1049,6.0294585,6.196083
1050,6.026981,6.1861725
1051,6.024503,6.180598
1052,6.0176897,6.166351
1053,6.0127344,6.152724
1054,6.00654,6.145291
1055,6.012115,6.135999
1056,6.012115,6.1322827
1057,6.0090175,6.1217527
1058,6.0176897,6.1112227
1059,6.0127344,6.1025505
1060,6.008398,6.0944977
1061,6.00654,6.0839677
1062,6.0003457,6.0901623
1063,5.999107,6.078393
1064,6.0059204,6.0703406
1065,6.0145926,6.078393
1066,6.0331755,6.0938783
1067,6.053616,6.096356
1068,6.061669,6.096976
1069,6.0672436,6.0895424
1070,6.0622883,6.0895424
1071,6.0765347,6.085207
1072,6.0678625,6.080251
1073,6.0703406,6.088304
1074,6.064766,6.0932593
1075,6.069721,6.0982146
1076,6.077154,6.106267
1077,6.074057,6.1056476
1078,6.0808706,6.1068864
1079,6.061669,6.1149387
1080,6.0672436,6.119894
1081,6.0560937,6.126708
1082,6.053616,6.1304245
1083,6.051758,6.1304245
1084,6.0585713,6.142194
1085,6.075296,6.1539626
1086,6.079632,6.1601567
1087,6.0833483,6.1477685
1088,6.0821095,6.14591
1089,6.079632,6.142813
1090,6.0759153,6.1366186
1091,6.0734377,6.1273274
1092,6.069102,6.119275
1093,6.0672436,6.1099834
1094,6.0554743,6.0994534
1095,6.0622883,6.0951176
1096,6.0560937,6.0870647
1097,6.0468025,6.0765347
1098,6.0418468,6.0734377
1099,6.031936,6.066624
1100,6.0164504,6.0529966
1101,6.0096374,6.0399885
1102,5.9929123,6.0313168
1103,6.002204,6.0362725
1104,6.0170703,6.043086
1105,6.020787,6.039369
1106,6.0201674,6.035653
1107,6.0201674,6.0313168
1108,6.0170703,6.0306973
1109,6.015212,6.024503
1110,6.015212,6.0251226
1111,6.0164504,6.0282197
1112,6.0170703,6.030078
1113,6.011495,6.030078
1114,6.0133533,6.0313168
1115,6.019548,6.0381308
1116,6.021406,6.042466
1117,6.0170703,6.0480413
1118,6.021406,6.0573325
1119,6.012115,6.0560937
1120,6.0170703,6.0455637
1121,6.0158315,6.04928
1122,6.025742,6.066624
1123,6.052377,6.0864453
1124,6.059191,6.0876846
1125,6.0660043,6.085207
1126,6.0703406,6.0864453
1127,6.0641465,6.084587
1128,6.061669,6.0938783
1129,6.0672436,6.0839677
1130,6.0598106,6.0914006
1131,6.054855,6.09202
1132,6.050519,6.0821095
1133,6.042466,6.084587
1134,6.0306973,6.0777736
1135,6.0176897,6.0746765
1136,6.0015845,6.064766
1137,5.9904346,6.0678625
1138,5.976808,6.0511384
1139,5.962561,6.0418468
1140,5.95327,6.03875
1141,5.9545083,6.043086
1142,5.962561,6.050519
1143,5.9668965,6.0399885
1144,5.960703,6.024503
1145,5.953889,6.0201674
1146,5.949553,6.012115
1147,5.940881,6.0003457
1148,5.937784,5.9922934
1149,5.927254,5.987957
1150,5.934687,5.987957
1151,5.9284925,5.9867187
1152,5.921679,5.9799047
1153,5.9284925,5.98486
1154,5.9192014,5.9860992
1155,5.914246,5.991674
1156,5.9086714,5.9898157
1157,5.904335,5.9929123
1158,5.898141,5.9941516
1159,5.9006186,5.9972486
1160,5.9130073,6.021406
1161,5.9266343,6.024503
1162,5.93097,6.0251226
1163,5.9322095,6.024503
1164,5.937784,6.019548
1165,5.937784,6.0164504
1166,5.939023,6.012115
1167,5.9439783,6.0139728
1168,5.947695,6.0176897
1169,5.949553,6.0251226
1170,5.9470754,6.022645
1171,5.9545083,6.030078
1172,5.9563665,6.0251226
1173,5.9545083,6.0276003
1174,5.9458365,6.028839
1175,5.940262,6.018309
1176,5.9247766,6.0176897
1177,5.915485,6.007779
1178,5.9105296,6.0096374
1179,5.915485,6.0139728
1180,5.9235373,6.011495
1181,5.9235373,6.002204
1182,5.9192014,5.9910545
1183,5.9105296,5.9817634
1184,5.9061937,5.9693747
1185,5.8944244,5.960703
1186,5.889469,5.9545083
1187,5.8944244,5.95327
1188,5.887611,5.947695
1189,5.8882303,5.9439783
1190,5.890708,5.9359255
1191,5.895044,5.9353065
1192,5.8777003,5.9247766
1193,5.877081,5.930351
1194,5.865931,5.937165
1195,5.8715057,5.929732
1196,5.862834,5.93097
1197,5.8715057,5.940262
1198,5.890708,5.957606
1199,5.895044,5.9582253
1200,5.9012384,5.962561
1201,5.9123874,5.9600835
1202,5.9105296,5.9600835
1203,5.92044,5.965039
1204,5.915485,5.962561
1205,5.918582,5.9675164
1206,5.9266343,5.9706135
1207,5.9253955,5.97433
1208,5.926015,5.9817634
1209,5.9353065,5.978666
1210,5.940262,5.9898157
1211,5.93159,5.9941516
1212,5.9359255,5.994771
1213,5.9247766,5.9867187
1214,5.9210596,5.9830017
1215,5.9123874,5.9792857
1216,5.9167237,5.98486
1217,5.9266343,5.9929123
1218,5.93097,5.991674
1219,5.930351,5.984241
1220,5.92044,5.978666
1221,5.9123874,5.969994
1222,5.9061937,5.968136
1223,5.896902,5.960703
1224,5.887611,5.9557476
1225,5.8857527,5.9507923
1226,5.8789387,5.945217
1227,5.872125,5.9439783
1228,5.8677897,5.943359
1229,5.859737,5.9415007
1230,5.849207,5.9322095
1231,5.847348,5.9284925
1232,5.8318624,5.9291124
1233,5.8169966,5.915485
1234,5.8064666,5.9099097
1235,5.8151383,5.921679
1236,5.8207135,5.930351
1237,5.825049,5.927254
1238,5.826907,5.9161043
1239,5.816377,5.9179626
1240,5.815758,5.915485
1241,5.8120413,5.9130073
1242,5.8108025,5.911149
1243,5.814519,5.9192014
1244,5.817616,5.918582
1245,5.8213325,5.9179626
1246,5.8207135,5.918582
1247,5.833721,5.9235373
1248,5.8355794,5.927254
1249,5.833721,5.930351
1250,5.8405347,5.933448
1251,5.8430123,5.933448
1252,5.8448706,5.9291124
1253,5.8436317,5.9266343
1254,5.8591175,5.943359
1255,5.8783197,5.9582253
1256,5.8857527,5.9439783
1257,5.889469,5.943359
1258,5.889469,5.9396424
1259,5.891947,5.933448
1260,5.887611,5.93097
1261,5.876461,5.9161043
1262,5.872745,5.9136267
1263,5.872745,5.899999
1264,5.8715057,5.8975215
1265,5.8665504,5.893805
1266,5.86717,5.884514
1267,5.8547816,5.8777003
1268,5.858498,5.883894
1269,5.853543,5.8888497
1270,5.839296,5.877081
1271,5.8386765,5.874603
1272,5.833721,5.8783197
1273,5.842393,5.8888497
1274,5.8498263,5.898761
1275,5.8554006,5.898141
1276,5.859737,5.896283
1277,5.851065,5.8931856
1278,5.8467293,5.8857527
1279,5.841154,5.8869915
1280,5.8430123,5.896902
1281,5.839296,5.893805
1282,5.838057,5.9049544
1283,5.84549,5.911149
1284,5.8430123,5.9123874
1285,5.8442516,5.9117684
1286,5.8324823,5.907432
1287,5.827527,5.9130073
1288,5.825669,5.922918
1289,5.823191,5.92044
1290,5.817616,5.9117684
1291,5.818236,5.9266343
1292,5.833721,5.937165
1293,5.839296,5.932829
1294,5.84549,5.9322095
1295,5.84549,5.9210596
1296,5.8374376,5.9105296
1297,5.8331017,5.898761
1298,5.836818,5.887611
1299,5.827527,5.8777003
1300,5.8238106,5.874603
1301,5.818236,5.8653116
1302,5.8225713,5.8677897
1303,5.821952,5.8634534
1304,5.8225713,5.8554006
1305,5.815758,5.8479676
1306,5.811422,5.8467293
1307,5.8046083,5.84549
1308,5.80275,5.8386765
1309,5.803989,5.83496
1310,5.8064666,5.838057
1311,5.8281465,5.8554006
1312,5.8386765,5.854162
1313,5.842393,5.8436317
1314,5.848587,5.8467293
1315,5.8405347,5.8430123
1316,5.8399153,5.836818
1317,5.8318624,5.836818
1318,5.836199,5.842393
1319,5.826907,5.8479676
1320,5.825049,5.8461094
1321,5.810183,5.8467293
1322,5.80275,5.8436317
1323,5.7971754,5.851065
1324,5.7829285,5.847348
1325,5.777973,5.852304
1326,5.7643456,5.852923
1327,5.757532,5.8572593
1328,5.7432857,5.8498263
1329,5.751338,5.8609757
1330,5.755674,5.874603
1331,5.76001,5.8653116
1332,5.758771,5.8591175
1333,5.752577,5.8467293
1334,5.741427,5.8442516
1335,5.737091,5.830624
1336,5.7352333,5.825669
1337,5.7271805,5.826288
1338,5.733994,5.8151383
1339,5.729658,5.803989
1340,5.726561,5.807086
1341,5.7364717,5.807086
1342,5.737711,5.80275
1343,5.741427,5.807086
1344,5.748241,5.808325
1345,5.748241,5.8064666
1346,5.751338,5.797795
1347,5.754435,5.799653
1348,5.7637267,5.8132806
1349,5.794078,5.8355794
1350,5.8095636,5.838057
1351,5.8138995,5.829385
1352,5.8169966,5.826907
1353,5.8169966,5.8281465
1354,5.816377,5.829385
1355,5.816377,5.8207135
1356,5.8151383,5.8244295
1357,5.816377,5.8225713
1358,5.815758,5.810183
1359,5.8095636,5.817616
1360,5.814519,5.8120413
1361,5.8077054,5.821952
1362,5.7965555,5.8238106
1363,5.7984138,5.825049
1364,5.787265,5.8200936
1365,5.780451,5.811422
1366,5.7693014,5.8138995
1367,5.7711596,5.8244295
1368,5.7816896,5.8461094
1369,5.794078,5.8399153
1370,5.7878838,5.83496
1371,5.7773533,5.8318624
1372,5.771779,5.8281465
1373,5.7637267,5.821952
1374,5.7562933,5.8213325
1375,5.751338,5.823191
1376,5.7507186,5.8238106
1377,5.74886,5.821952
1378,5.746382,5.816377
1379,5.748241,5.818236
1380,5.7439046,5.8151383
1381,5.7358522,5.8200936
1382,5.7401886,5.825049
1383,5.7358522,5.8200936
1384,5.7346134,5.8138995
1385,5.7389493,5.8151383
1386,5.7432857,5.8244295
1387,5.758771,5.8300047
1388,5.7705398,5.8207135
1389,5.777973,5.818236
1390,5.7736373,5.815758
1391,5.7767344,5.8077054
1392,5.776115,5.7934585
1393,5.7730174,5.788503
1394,5.772398,5.786645
1395,5.776115,5.7903614
1396,5.768062,5.787265
1397,5.7705398,5.7847867
1398,5.7674427,5.7736373
1399,5.7550545,5.768682
1400,5.7432857,5.7581515
1401,5.737711,5.761249
1402,5.7315164,5.761868
1403,5.721606,5.755674
1404,5.722225,5.757532
1405,5.721606,5.7593904
1406,5.723464,5.7624874
1407,5.733994,5.7624874
1408,5.7259417,5.76001
1409,5.722225,5.761868
1410,5.7203665,5.7562933
1411,5.7147923,5.7531962
1412,5.713553,5.750099
1413,5.7079782,5.7519574
1414,5.701784,5.76001
1415,5.704262,5.7637267
1416,5.7098365,5.7699203
1417,5.7085977,5.7736373
1418,5.7085977,5.771779
1419,5.7005453,5.777973
1420,5.7024035,5.786645
1421,5.6962094,5.785406
1422,5.701784,5.790981
1423,5.7055006,5.8021307
1424,5.7259417,5.818236
1425,5.7346134,5.8151383
1426,5.7333746,5.8077054
1427,5.73833,5.799653
1428,5.726561,5.7984138
1429,5.7271805,5.786645
1430,5.7166505,5.786645
1431,5.714173,5.776115
1432,5.711695,5.7674427
1433,5.704262,5.7581515
1434,5.698687,5.761249
1435,5.686918,5.754435
1436,5.688157,5.748241
1437,5.6670966,5.74886
1438,5.6683354,5.746382
1439,5.6540885,5.7420464
1440,5.6423197,5.729658
1441,5.628692,5.7364717
1442,5.6317897,5.7395687
1443,5.6478944,5.760629
1444,5.6429386,5.7581515
1445,5.646036,5.7538157
1446,5.6392226,5.7432857
1447,5.6398416,5.741427
1448,5.6348863,5.7389493
1449,5.6348863,5.7333746
1450,5.6348863,5.730897
1451,5.6379833,5.7228446
1452,5.6435585,5.7166505
1453,5.6417003,5.7055006
1454,5.6435585,5.704881
1455,5.641081,5.703023
1456,5.644178,5.699926
1457,5.641081,5.69497
1458,5.640461,5.683202
1459,5.6379833,5.675149
1460,5.6305504,5.659044
1461,5.6435585,5.677007
1462,5.660902,5.6924925
1463,5.6850595,5.6993065
1464,5.686299,5.686918
1465,5.693732,5.686299
1466,5.686918,5.6807237
1467,5.690015,5.675149
1468,5.687537,5.6757684
1469,5.693732,5.6856794
1470,5.6943507,5.6838207
1471,5.691873,5.6757684
1472,5.6980677,5.678246
1473,5.6924925,5.675149
1474,5.6980677,5.676388
1475,5.676388,5.6745296
1476,5.6850595,5.683202
1477,5.6695743,5.6838207
1478,5.6726713,5.67391
1479,5.6633797,5.6689544
1480,5.667716,5.6801043
1481,5.686299,5.6993065
1482,5.6856794,5.701784
1483,5.6856794,5.699926
1484,5.6856794,5.7005453
1485,5.6732907,5.6962094
1486,5.660902,5.6943507
1487,5.6621413,5.686918
1488,5.6522303,5.6887765
1489,5.6497526,5.696829
1490,5.6454167,5.693732
1491,5.640461,5.6924925
1492,5.6392226,5.6819625
1493,5.625595,5.676388
1494,5.618162,5.676388
1495,5.613207,5.6757684
1496,5.613207,5.660902
1497,5.6014376,5.6559467
1498,5.5964823,5.6398416
1499,5.6045346,5.6528497
1500,5.61011,5.6559467
1501,5.610729,5.649133
1502,5.618162,5.650372
1503,5.6231174,5.6528497
1504,5.6119676,5.646036
1505,5.611348,5.633648
1506,5.6026764,5.6293116
1507,5.59896,5.6249757
1508,5.6001987,5.6231174
1509,5.6051545,5.6231174
1510,5.6026764,5.6243563
1511,5.603915,5.618162
1512,5.6026764,5.605774
1513,5.584094,5.603915
1514,5.576041,5.597721
1515,5.571086,5.597721
1516,5.560556,5.590288
1517,5.565511,5.590907
1518,5.567989,5.605774
1519,5.5766606,5.605774
1520,5.575422,5.606393
1521,5.5766606,5.607632
1522,5.5686083,5.611348
1523,5.5686083,5.6125875
1524,5.571086,5.614445
1525,5.5673695,5.6187816
1526,5.5586977,5.6200204
1527,5.563653,5.6317897
1528,5.5611753,5.628692
1529,5.556839,5.637364
1530,5.5611753,5.6355057
1531,5.5580783,5.6355057
1532,5.5549808,5.6293116
1533,5.5543613,5.633648
1534,5.548167,5.6317897
1535,5.548787,5.6355057
1536,5.5500255,5.6423197
1537,5.565511,5.654708
1538,5.578519,5.650372
1539,5.5816164,5.649133
1540,5.5921464,5.6509914
1541,5.584094,5.6466556
1542,5.583474,5.644178
1543,5.5816164,5.6348863
1544,5.5791383,5.6324086
1545,5.579758,5.6280727
1546,5.569847,5.62064
1547,5.565511,5.6156845
1548,5.5611753,5.607632
1549,5.5574584,5.5964823
1550,5.5388756,5.5884295
1551,5.528965,5.584094
1552,5.516577,5.5673695
1553,5.503569,5.5531225
1554,5.489322,5.540115
1555,5.4849863,5.5456896
1556,5.497994,5.549406
1557,5.490561,5.5469284
1558,5.487464,5.5283456
1559,5.4806504,5.5227714
1560,5.4732175,5.5079045
1561,5.4645452,5.50233
1562,5.447821,5.497994
1563,5.4509177,5.4955163
1564,5.447821,5.4899416
1565,5.445343,5.4924192
1566,5.4385295,5.4955163
1567,5.4428654,5.493658
1568,5.439769,5.509144
1569,5.431716,5.5116215
1570,5.432955,5.5209126
1571,5.425522,5.519674
1572,5.4279995,5.518435
1573,5.424283,5.518435
1574,5.441007,5.5388756
1575,5.455254,5.5537424
1576,5.47074,5.5586977
1577,5.48127,5.54507
1578,5.478792,5.5388756
1579,5.4837475,5.541973
1580,5.4856057,5.5314426
1581,5.486225,5.5308237
1582,5.4880834,5.5302043
1583,5.4961357,5.527107
1584,5.4973745,5.524629
1585,5.510382,5.5233903
1586,5.5097632,5.5202937
1587,5.506666,5.524629
1588,5.5004716,5.5320625
1589,5.504808,5.529585
1590,5.502949,5.5382566
1591,5.502949,5.525249
1592,5.499852,5.521532
1593,5.501711,5.529585
1594,5.514099,5.541973
1595,5.5264874,5.5438313
1596,5.5314426,5.5339203
1597,5.5221515,5.5407343
1598,5.5178156,5.5233903
1599,5.5221515,5.5190544
1600,5.5085244,5.5097632
1601,5.509144,5.51286
1602,5.5072856,5.5116215
1603,5.5097632,5.518435
1604,5.509144,5.517196
1605,5.5079045,5.51286
1606,5.499852,5.516577
1607,5.4899416,5.514099
1608,5.4924192,5.5190544
1609,5.480031,5.515338
1610,5.481889,5.510382
1611,5.478792,5.5072856
1612,5.487464,5.5116215
1613,5.5004716,5.518435
1614,5.506666,5.5085244
1615,5.5134797,5.5041885
1616,5.509144,5.4973745
1617,5.5159574,5.4868445
1618,5.509144,5.4825087
1619,5.509144,5.47012
1620,5.50233,5.47012
1621,5.494278,5.47074
1622,5.4918,5.47012
1623,5.493658,5.4763145
1624,5.4955163,5.4738364
1625,5.479411,5.4633064
1626,5.4695005,5.4645452
1627,5.458351,5.468262
1628,5.4490595,5.4664035
1629,5.4354324,5.4645452
1630,5.4372907,5.467023
1631,5.439769,5.4775534
1632,5.443485,5.479411
1633,5.446582,5.4769335
1634,5.445343,5.471978
1635,5.439769,5.468262
1636,5.436052,5.458351
1637,5.434813,5.4546347
1638,5.432955,5.4459624
1639,5.432955,5.4490595
1640,5.430477,5.4496794
1641,5.4310966,5.4509177
1642,5.4372907,5.4546347
1643,5.444724,5.455254
1644,5.444724,5.4509177
1645,5.43791,5.4509177
1646,5.433574,5.456493
1647,5.4323354,5.4577317
1648,5.4292383,5.461448
1649,5.439769,5.4738364
1650,5.4571123,5.490561
1651,5.475695,5.494897
1652,5.4806504,5.4899416
1653,5.4843664,5.4930387
1654,5.481889,5.4961357
1655,5.479411,5.4899416
1656,5.479411,5.4911804
1657,5.4806504,5.4899416
1658,5.479411,5.4868445
1659,5.47074,5.4930387
1660,5.4732175,5.4961357
1661,5.467023,5.4955163
1662,5.4769335,5.5004716
1663,5.45959,5.503569
1664,5.4527764,5.5004716
1665,5.444104,5.4992332
1666,5.4354324,5.488703
1667,5.4261413,5.4868445
1668,5.424902,5.490561
1669,5.436052,5.5041885
1670,5.443485,5.501711
1671,5.4422464,5.494278
1672,5.4422464,5.4843664
1673,5.4261413,5.478173
1674,5.425522,5.4732175
1675,5.4125137,5.4664035
1676,5.4149914,5.4602094
1677,5.403842,5.4589705
1678,5.400745,5.4459624
1679,5.3920727,5.444724
1680,5.388356,5.4267607
1681,5.3846397,5.4298573
1682,5.3765874,5.4279995
1683,5.3840203,5.430477
1684,5.370393,5.4230437
1685,5.3685346,5.4168496
1686,5.366677,5.4075584
1687,5.3809233,5.4162307
1688,5.403842,5.436052
1689,5.413133,5.4298573
1690,5.424902,5.4273796
1691,5.4366713,5.4279995
1692,5.4366713,5.432955
1693,5.443485,5.4236636
1694,5.452157,5.4341936
1695,5.458351,5.4422464
1696,5.4633064,5.447821
1697,5.47012,5.445343
1698,5.4725976,5.4496794
1699,5.478792,5.4602094
1700,5.4738364,5.460829
1701,5.4676423,5.4725976
1702,5.4651647,5.4769335
1703,5.460829,5.4843664
1704,5.4527764,5.4732175
1705,5.447821,5.471359
1706,5.4496794,5.4843664
1707,5.452157,5.499852
1708,5.455254,5.4986134
1709,5.4527764,5.4843664
1710,5.443485,5.4868445
1711,5.433574,5.4849863
1712,5.424902,5.4738364
1713,5.408178,5.460829
1714,5.3964086,5.455873
1715,5.386498,5.447821
1716,5.379065,5.4385295
1717,5.3654375,5.4292383
1718,5.366677,5.4187083
1719,5.3635793,5.4118943
1720,5.3449965,5.4063196
1721,5.3449965,5.390215
1722,5.3394217,5.3926926
1723,5.3394217,5.3796844
1724,5.3357058,5.3784456
1725,5.342519,5.386498
1726,5.366677,5.401364
1727,5.377826,5.39517
1728,5.3914533,5.3920727
1729,5.3920727,5.3920727
1730,5.39517,5.393931
1731,5.397648,5.390834
1732,5.402603,5.382162
1733,5.39517,5.3852596
1734,5.4019837,5.3809233
1735,5.4044614,5.3957896
1736,5.4087973,5.3964086
1737,5.413753,5.39517
1738,5.4094167,5.389595
1739,5.4075584,5.3889756
1740,5.4057,5.393312
1741,5.3945503,5.3846397
1742,5.3871174,5.3840203
1743,5.39517,5.383401
1744,5.3964086,5.3982673
1745,5.4075584,5.400745
1746,5.4087973,5.397028
1747,5.401364,5.393931
1748,5.397648,5.3964086
1749,5.3877373,5.3945503
1750,5.377826,5.390834
1751,5.371632,5.388356
1752,5.366057,5.3889756
1753,5.366057,5.397648
1754,5.354288,5.398886
1755,5.3518105,5.4032226
1756,5.3549075,5.405081
1757,5.3462358,5.4112754
1758,5.3381834,5.410036
1759,5.331989,5.4168496
1760,5.3239365,5.4199467
1761,5.3183613,5.420566
1762,5.327653,5.444724
1763,5.3394217,5.4533954
1764,5.3505716,5.460829
1765,5.359863,5.4546347
1766,5.358624,5.4490595
1767,5.357385,5.4571123
1768,5.359863,5.4496794
1769,5.3580046,5.444724
1770,5.3567657,5.439769
1771,5.364199,5.4428654
1772,5.3567657,5.439769
1773,5.355527,5.4354324
1774,5.36296,5.434813
1775,5.3691545,5.432955
1776,5.3685346,5.4310966
1777,5.357385,5.4273796
1778,5.358624,5.4162307
1779,5.3474746,5.403842
1780,5.3449965,5.389595
1781,5.340041,5.3926926
1782,5.3530493,5.4057
1783,5.3654375,5.4019837
1784,5.364199,5.388356
1785,5.3561463,5.370393
1786,5.3487134,5.367915
1787,5.3456163,5.360482
1788,5.3363247,5.3530493
1789,5.3301306,5.3456163
1790,5.326414,5.3468547
1791,5.317123,5.3381834
1792,5.312787,5.333847
1793,5.3003983,5.332608
1794,5.299779,5.33075
1795,5.2886295,5.3381834
1796,5.278099,5.340041
1797,5.266949,5.3381834
1798,5.263233,5.333847
1799,5.258897,5.33075
1800,5.263852,5.3462358
1801,5.2842937,5.3654375
1802,5.28739,5.371012
1803,5.302876,5.371632
1804,5.2991595,5.36296
1805,5.295443,5.359863
1806,5.2973013,5.3580046
1807,5.294204,5.3549075
1808,5.2973013,5.3623405
1809,5.304115,5.364199
1810,5.313406,5.367915
1811,5.3177423,5.364818
1812,5.3226976,5.3635793
1813,5.3226976,5.3623405
1814,5.326414,5.364818
1815,5.327653,5.3685346
1816,5.321459,5.360482
1817,5.3257947,5.3561463
1818,5.3158836,5.3456163
1819,5.331989,5.3549075
1820,5.3394217,5.364199
1821,5.3536687,5.36296
1822,5.349333,5.359863
1823,5.354288,5.3567657
1824,5.343758,5.3468547
1825,5.335086,5.33075
1826,5.333228,5.3357058
1827,5.3288918,5.329511
1828,5.327653,5.336944
1829,5.3152647,5.332608
1830,5.3115478,5.335086
1831,5.304734,5.3301306
1832,5.2979207,5.329511
1833,5.2805767,5.3288918
1834,5.278099,5.3381834
1835,5.2756214,5.3487134
1836,5.265711,5.3375635
1837,5.262614,5.338803
1838,5.2650914,5.35243
1839,5.2805767,5.3741097
1840,5.2880096,5.3734903
1841,5.289249,5.367296
1842,5.2886295,5.3741097
1843,5.286152,5.371012
1844,5.2787185,5.366057
1845,5.273763,5.358624
1846,5.267569,5.3567657
1847,5.2607555,5.3561463
1848,5.2725244,5.360482
1849,5.262614,5.3549075
1850,5.2508445,5.3375635
1851,5.2297845,5.312787
1852,5.185186,5.2681885
1853,5.1374903,5.217396
1854,5.077406,5.1566925
1855,5.011748,5.0879364
1856,4.9392753,5.009889
1857,4.8661833,4.9312224
1858,4.7763667,4.8184876
1859,4.674782,4.703275
1860,4.550897,4.5546136
1861,4.414005,4.4214377
1862,4.259769,4.251716
1863,4.091905,4.069606
1864,3.9079366,3.867674
1865,3.6942356,3.6465402
1866,3.4489446,3.405585
1867,3.2024143,3.1187923
1868,2.860493,2.791118
1869,2.4931755,2.398404
1870,2.0533857,1.9511808
1871,1.551034,1.4742255
1872,1.095139,1.0152334
1873,0.67764825,0.6188031
1874,0.3747506,0.3326299
1875,0.20750654,0.17715482
1876,0.13441469,0.12326507
1877,0.12326507,0.10839894
1878,0.115832016,0.10220471
1879,0.10777952,0.095391065
1880,0.09910759,0.09724933
1881,0.100346446,0.09601049
1882,0.095391065,0.10963778
1883,0.095391065,0.11645143
1884,0.09601049,0.12202623
1885,0.087338574,0.1350341
1886,0.08362204,0.14122833
1887,0.08300262,0.15113908
1888,0.087338574,0.159811
1889,0.09105511,0.17467715
1890,0.087338574,0.1790131
1891,0.08052493,0.18334906
1892,0.071233585,0.18520732
1893,0.063181095,0.1870656
1894,0.06256167,0.19387925
1895,0.0799055,0.21308134
1896,0.08919684,0.21184249
1897,0.090435684,0.20626768
1898,0.09167453,0.19945404
1899,0.0799055,0.19697636
1900,0.07185301,0.18954328
1901,0.06751705,0.17839368
1902,0.06256167,0.18025194
1903,0.066278204,0.17839368
1904,0.060703404,0.17219944
1905,0.049553797,0.16662465
1906,0.045837265,0.15361679
1907,0.045217842,0.14990024
1908,0.030351702,0.14370602
1909,0.026015745,0.1399895
1910,0.012388449,0.13379526
1911,0.00247769,0.115832016
1912,-0.0080524925,0.09415222
1913,-0.0055748024,0.095391065
1914,0.0037165352,0.103443556
1915,0.017963253,0.10716009
1916,0.020440942,0.092913374
1917,0.022918632,0.08609972
1918,0.028493434,0.07680839
1919,0.024776898,0.07928608
1920,0.024157478,0.071233585
1921,0.030351702,0.0799055
1922,0.03468766,0.08486088
1923,0.042740155,0.09415222
1924,0.043359574,0.10654067
1925,0.0551286,0.110876635
1926,0.055748027,0.12078739
1927,0.050792646,0.12822045
1928,0.058225714,0.14184776
1929,0.058225714,0.14494488
1930,0.060703404,0.14122833
1931,0.068136476,0.14556429
1932,0.08671915,0.15733331
1933,0.10777952,0.17777427
1934,0.12326507,0.17653541
1935,0.13751179,0.1814908
1936,0.14680314,0.17777427
1937,0.15857217,0.18211022
1938,0.159811,0.17467715
1939,0.16600524,0.17529656
1940,0.16352753,0.18025194
1941,0.16724408,0.17158003
1942,0.17281888,0.16972177
1943,0.1678635,0.17405772
1944,0.17158003,0.17219944
1945,0.16352753,0.16414696
1946,0.15609446,0.16662465
1947,0.14680314,0.15857217
1948,0.13007872,0.15485562
1949,0.12078739,0.13627295
1950,0.09972702,0.12326507
1951,0.09724933,0.12760104
1952,0.10220471,0.12636219
1953,0.09167453,0.117070846
1954,0.08609972,0.110876635
1955,0.07804723,0.10406298
1956,0.06008398,0.089816265
1957,0.045837265,0.08671915
1958,0.033448815,0.07495012
1959,0.03220997,0.07680839
1960,0.018582676,0.07247244
1961,0.016104985,0.07061417
1962,0.001238845,0.08300262
1963,0.0055748024,0.08238319
1964,-0.0080524925,0.08176377
1965,-0.017963253,0.08176377
1966,-0.019202098,0.0935328
1967,-0.026635168,0.08548031
1968,-0.026635168,0.097868755
1969,-0.030351702,0.109018356
1970,-0.009291338,0.12760104
1971,0.010530182,0.1430866
1972,-0.0018582676,0.03778477
1973,0.0006194225,0.03778477
1974,-0.0061942246,0.034068238
1975,-0.0037165352,0.035307083
1976,-0.0055748024,0.033448815
1977,-0.0018582676,0.035926506
1978,-0.0030971123,0.029732281
1979,-0.00247769,0.030351702
1980,0.001238845,0.030971127
1981,0.001238845,0.03468766
1982,0.0061942246,0.029112857
1983,0.0043359576,0.030971127
